icao,name,state,lat,lon,elev_m,tdwr
KABR,ABERDEEN,SD,45.455833,-98.413333,421.5,0
KABX,ALBUQUERQUE,NM,35.149722,-106.82388,1813.9,0
KAKQ,NORFOLK RICH,VA,36.98405,-77.007361,77.7,0
KAMA,AMARILLO,TX,35.233333,-101.70927,1128.7,0
KAMX,MIAMI,FL,25.611083,-80.412667,33.8,0
KAPX,GAYLORD,MI,44.90635,-84.719533,475.8,0
KARX,LA CROSSE,WI,43.822778,-91.191111,413.6,0
KATX,SEATTLE,WA,48.194611,-122.49569,195.7,0
KBBX,BEALE AFB,CA,39.495639,-121.63161,67.4,0
KBGM,BINGHAMTON,NY,42.199694,-75.984722,519.1,0
KBHX,EUREKA,CA,40.498583,-124.29216,766.9,0
KBIS,BISMARCK,ND,46.770833,-100.76055,534.9,0
KBLX,BILLINGS,MT,45.853778,-108.60680,1128.7,0
KBMX,BIRMINGHAM,AL,33.172417,-86.770167,231.3,0
KBOX,BOSTON,MA,41.955778,-71.136861,70.7,0
KBRO,BROWNSVILLE,TX,25.916,-97.418967,26.8,0
KBUF,BUFFALO,NY,42.948789,-78.736781,240.8,0
KBYX,KEY WEST,FL,24.5975,-81.703167,27.1,0
KCAE,COLUMBIA,SC,33.948722,-81.118278,105.2,0
KCBW,HOULTON,ME,46.03925,-67.806431,262.1,0
KCBX,BOISE,ID,43.490217,-116.23603,966.8,0
KCCX,STATE COLLEGE,PA,40.923167,-78.003722,757.7,0
KCLE,CLEVELAND,OH,41.413217,-81.859867,262.1,0
KCLX,CHARLESTON,SC,32.655528,-81.042194,69.8,0
KCRI,ROC FAA REDUNDANT RDA 1,OK,35.238333,-97.46,400.8,0
KCRP,CORPUS CHRISTI,TX,27.784017,-97.51125,43.3,0
KCXX,BURLINGTON,VT,44.511,-73.166431,131.4,0
KCYS,CHEYENNE,WY,41.151919,-104.80603,1887.6,0
KDAX,SACRAMENTO,CA,38.501111,-121.67783,43.9,0
KDDC,DODGE CITY,KS,37.760833,-99.968889,814.1,0
KDFX,LAUGHLIN AFB,TX,29.273139,-100.28033,364.5,0
KDGX,JACKSON BRANDON,MS,32.279944,-89.984444,185.6,0
KDIX,PHILADELPHIA,NJ,39.947089,-74.410731,70.1,0
KDLH,DULUTH,MN,46.836944,-92.209722,470,0
KDMX,DES MOINES,IA,41.7312,-93.722869,333.8,0
KDOX,DOVER AFB,DE,38.825767,-75.440117,50,0
KDTX,DETROIT,MI,42.7,-83.471667,370.6,0
KDVN,DAVENPORT,IA,41.611667,-90.580833,259.4,0
KDYX,DYESS AFB,TX,32.5385,-99.254333,482.2,0
KEAX,KANSAS CITY,MO,38.81025,-94.264472,332.8,0
KEMX,TUCSON,AZ,31.89365,-110.63025,1621.2,0
KENX,ALBANY,NY,42.586556,-74.064083,589.8,0
KEOX,FORT RUCKER,AL,31.460556,-85.459389,163.7,0
KEPZ,EL PASO,NM,31.873056,-106.698,1285.6,0
KESX,LAS VEGAS,NV,35.70135,-114.89165,1508.2,0
KEVX,EGLIN AFB,FL,30.565033,-85.921667,67.4,0
KEWX,AUSTIN SAN ANTONIO,TX,29.704056,-98.028611,233.8,0
KEYX,EDWARDS,CA,35.09785,-117.56075,875.7,0
KFCX,ROANOKE,VA,37.0244,-80.273969,903.7,0
KFDR,ALTUS AFB,OK,34.362194,-98.976667,400.8,0
KFDX,CANNON AFB,NM,34.634167,-103.61888,1432,0
KFFC,ATLANTA,GA,33.36355,-84.56595,296.3,0
KFSD,SIOUX FALLS,SD,43.587778,-96.729444,455.7,0
KFSX,FLAGSTAFF,AZ,34.574333,-111.19844,2290.3,0
KFTG,DENVER FRONT RANGE AP,CO,39.786639,-104.54580,1710.2,0
KFWS,DALLAS,TX,32.573,-97.30315,236.8,0
KGGW,GLASGOW,MT,48.206361,-106.62469,726.6,0
KGJX,GRAND JUNCTION,CO,39.062169,-108.21376,3078.8,0
KGLD,GOODLAND,KS,39.366944,-101.70027,1132.6,0
KGRB,GREEN BAY,WI,44.498633,-88.111111,250.9,0
KGRK,FORT HOOD,TX,30.721833,-97.382944,183.8,0
KGRR,GRAND RAPIDS,MI,42.893889,-85.544889,266.7,0
KGSP,GREER,SC,34.883306,-82.219833,325.8,0
KGWX,COLUMBUS AFB,MS,33.896917,-88.329194,179.8,0
KGYX,PORTLAND,ME,43.891306,-70.256361,144.5,0
KHDC,HAMMOND MUNICIPAL AIRPORT,LA,30.5193,-90.4074,13.1,0
KHDX,HOLLOMAN AFB,NM,33.077,-106.12003,1301.5,0
KHGX,HOUSTON,TX,29.4719,-95.078733,35.1,0
KHNX,SAN JOAQUIN VALLEY,CA,36.314181,-119.63213,103.6,0
KHPX,FORT CAMPBELL,KY,36.736972,-87.285583,186.8,0
KHTX,HUNTSVILLE,AL,34.930556,-86.083611,566.6,0
KICT,WICHITA,KS,37.654444,-97.443056,426.7,0
KICX,CEDAR CITY,UT,37.59105,-112.86218,3278.7,0
KILN,CINCINNATI,OH,39.420483,-83.82145,356.6,0
KILX,LINCOLN,IL,40.1505,-89.336792,222.8,0
KIND,INDIANAPOLIS,IN,39.7075,-86.280278,270.4,0
KINX,TULSA,OK,36.175131,-95.564161,228.3,0
KIWA,PHOENIX,AZ,33.289233,-111.66991,434.6,0
KIWX,FORT WAYNE,IN,41.358611,-85.7,321.9,0
KJAX,JACKSONVILLE,FL,30.484633,-81.7019,48.8,0
KJGX,ROBINS AFB,GA,32.675683,-83.350833,188.4,0
KJKL,JACKSON,KY,37.590833,-83.313056,445.3,0
KLBB,LUBBOCK,TX,33.654139,-101.81416,1029.6,0
KLCH,LAKE CHARLES,LA,30.125306,-93.215889,41.8,0
KLGX,LANGLEY HILL NW WASHINGTON,WA,47.116944,-124.10666,111.6,0
KLIX,NEW ORLEANS,LA,30.336667,-89.825417,54.6,0
KLNX,NORTH PLATTE,NE,41.957944,-100.57622,948.8,0
KLOT,CHICAGO,IL,41.604444,-88.084444,231.6,0
KLRX,ELKO,NV,40.73955,-116.8027,2101.6,0
KLSX,ST LOUIS,MO,38.698611,-90.682778,220.1,0
KLTX,WILMINGTON,NC,33.98915,-78.429108,44.2,0
KLVX,LOUISVILLE,KY,37.975278,-85.943889,253.9,0
KLWX,STERLING,VA,38.976111,-77.4875,123.1,0
KLZK,LITTLE ROCK,AR,34.8365,-92.262194,197.8,0
KMAF,MIDLAND ODESSA,TX,31.943461,-102.18925,902.8,0
KMAX,MEDFORD,OR,42.081169,-122.71736,2304.6,0
KMBX,MINOT AFB,ND,48.393056,-100.86444,484.6,0
KMHX,MOREHEAD CITY,NC,34.775908,-76.876189,44.2,0
KMKX,MILWAUKEE,WI,42.9679,-88.550667,311.8,0
KMLB,MELBOURNE,FL,28.113194,-80.654083,45.4,0
KMOB,MOBILE,AL,30.679444,-88.24,88.1,0
KMPX,MINNEAPOLIS,MN,44.848889,-93.565528,335.6,0
KMQT,MARQUETTE,MI,46.531111,-87.548333,464.8,0
KMRX,KNOXVILLE,TN,36.168611,-83.401944,437.1,0
KMSX,MISSOULA,MT,47.041,-113.98622,2431.7,0
KMTX,SALT LAKE CITY,UT,41.262778,-112.44777,2009.9,0
KMUX,SAN FRANCISCO,CA,37.155222,-121.89844,1082,0
KMVX,GRAND FORKS,ND,47.527778,-97.325556,330.1,0
KMXX,MAXWELL AFB,AL,32.53665,-85.78975,170.7,0
KNKX,SAN DIEGO,CA,32.919017,-117.0418,320.6,0
KNQA,MEMPHIS,TN,35.344722,-89.873333,132.6,0
KOAX,OMAHA,NE,41.320369,-96.366819,384.7,0
KOHX,NASHVILLE,TN,36.247222,-86.5625,206,0
KOKX,NEW YORK CITY,NY,40.865528,-72.863917,60.7,0
KOTX,SPOKANE,WA,47.680417,-117.62677,746.5,0
KOUN,NORMAN NSSL,OK,35.236058,-97.46235,391.4,0
KPAH,PADUCAH,KY,37.068333,-88.771944,154.2,0
KPBZ,PITTSBURGH,PA,40.531717,-80.217967,385.9,0
KPDT,PENDLETON,OR,45.69065,-118.85293,481.6,0
KPOE,FORT POLK,LA,31.155278,-92.976111,144.2,0
KPUX,PUEBLO,CO,38.45955,-104.18135,1634.6,0
KRAX,RALEIGH DURHAM,NC,35.665519,-78.48975,140.8,0
KRGX,RENO,NV,39.754056,-119.46202,2559.1,0
KRIW,RIVERTON,WY,43.066089,-108.4773,1716.9,0
KRLX,CHARLESTON,WV,38.311111,-81.722778,369.7,0
KRTX,PORTLAND,OR,45.715039,-122.965,526.7,0
KSFX,POCATELLO,ID,43.1056,-112.68613,1383.5,0
KSGF,SPRINGFIELD,MO,37.235239,-93.400419,419.1,0
KSHV,SHREVEPORT,LA,32.450833,-93.84125,118,0
KSJT,SAN ANGELO,TX,31.371278,-100.4925,610.8,0
KSOX,SANTA ANA MOUNTAINS,CA,33.817733,-117.636,946.7,0
KSRX,FORT SMITH,AR,35.290417,-94.361889,224.6,0
KTBW,TAMPA,FL,27.7055,-82.401778,37.2,0
KTFX,GREAT FALLS,MT,47.459583,-111.38533,1159.8,0
KTLH,TALLAHASSEE,FL,30.397583,-84.328944,53.9,0
KTLX,OKLAHOMA CITY,OK,35.333361,-97.277761,389.5,0
KTWX,TOPEKA,KS,38.99695,-96.23255,431.3,0
KTYX,FORT DRUM,NY,43.755694,-75.679861,597.4,0
KUDX,RAPID CITY,SD,44.124722,-102.83,973.8,0
KUEX,HASTINGS,NE,40.320833,-98.441944,627,0
KVAX,MOODY AFB,GA,30.890278,-83.001806,100.6,0
KVBX,VANDENBERG AFB,CA,34.83855,-120.39791,412.7,0
KVNX,VANCE AFB,OK,36.740617,-98.127717,383.4,0
KVTX,LOS ANGELES,CA,34.412017,-119.17875,855.6,0
KVWX,EVANSVILLE,IN,38.26025,-87.724528,190.5,0
KYUX,YUMA,AZ,32.495281,-114.65671,72.8,0
LPLA,LAJES AB,,38.73028,-27.32167,1016.2,0
PABC,BETHEL FAA,AK,60.791944,-161.87638,58.8,0
PACG,SITKA,AK,56.852778,-135.52916,82.9,0
PAEC,NOME,AK,64.511389,-165.295,27.4,0
PAHG,ANCHORAGE,AK,60.725914,-151.35146,108.5,0
PAIH,MIDDLETON ISLAND,AK,59.460767,-146.30344,40.2,0
PAKC,KING SALMON,AK,58.679444,-156.62944,43.9,0
PAPD,FAIRBANKS,AK,65.035114,-147.50143,825.1,0
PGUA,ANDERSEN AFB AGANA,GU,13.455833,144.811111,117.7,0
PHKI,SOUTH KAUAI,HI,21.893889,-159.5525,103.6,0
PHKM,KAMUELA,HI,20.125278,-155.77777,1208.8,0
PHMO,MOLOKAI,HI,21.132778,-157.18027,440.1,0
PHWA,SOUTH SHORE,HI,19.095,-155.56888,445.3,0
RKJK,KUNSAN,,35.924167,126.622222,58.5,0
RKSG,CAMP HUMPHREYS,,37.207569,127.285561,463.6,0
RODN,KADENA,,26.3078,127.903469,125.6,0
TADW,ANDREWS AFB,MD,38.695,-76.845,104.9,1
TATL,ATLANTA,GA,33.646944,-84.261944,328,1
TBNA,NASHVILLE,TN,35.98,-86.661944,249,1
TBOS,BOSTON,MA,42.158056,-70.933056,79.9,1
TBWI,BALTIMORE WASHINGTON,MD,39.09,-76.63,91.1,1
TCLT,CHARLOTTE,NC,35.336944,-80.885,264.9,1
TCMH,COLUMBUS,OH,40.006111,-82.715,349.9,1
TCVG,COVINGTON,KY,38.898056,-84.58,321,1
TDAL,DALLAS LOVE FIELD,TX,32.926111,-96.968056,189.9,1
TDAY,DAYTON,OH,40.021944,-84.123056,310.9,1
TDCA,WASHINGTON NATIONAL,MD,38.758889,-76.961944,104.9,1
TDEN,DENVER,CO,39.728056,-104.52611,1738,1
TDFW,DALLAS FT WORTH,TX,33.065,-96.918056,178,1
TDTW,DETROIT,MI,42.111111,-83.515,235,1
TEWR,NEWARK,NJ,40.593056,-74.27,41.1,1
TFLL,FT LAUDERDALE,FL,26.143056,-80.343889,36.9,1
THOU,HOUSTON HOBBY,TX,29.516111,-95.241944,36,1
TIAD,WASHINGTON DULLES,VA,39.083889,-77.528889,143.9,1
TIAH,HOUSTON INTERNATIONAL,TX,30.065,-95.566944,77.1,1
TICH,WICHITA,KS,37.506944,-97.436944,412.1,1
TIDS,INDIANAPOLIS,IN,39.636944,-86.436111,257.9,1
TJBQ,RAFAEL HERNANDEZ AIRPORT,PR,18.485,-67.143,85.3,1
TJFK,NEW YORK CITY JFK,NY,40.588889,-73.881111,34.1,1
TJRV,JOSE APONTE DE LA TORRE AIRPOR,PR,18.256,-65.637,15.2,1
TJUA,SAN JUAN,PR,18.115667,-66.078167,901.6,0
TLAS,LAS VEGAS,NV,36.143889,-115.00694,627,1
TLVE,CLEVELAND,OH,41.29,-82.008056,284.1,1
TMCI,KANSAS CITY,MO,39.498056,-94.741944,331.9,1
TMCO,ORLANDO INTERNATIONAL,FL,28.343889,-81.326111,52.1,1
TMDW,CHICAGO MIDWAY,IL,41.651111,-87.73,232.9,1
TMEM,MEMPHIS,MS,34.896111,-89.993056,146.9,1
TMIA,MIAMI,FL,25.758056,-80.491111,38.1,1
TMKE,MILWAUKEE,WI,42.818889,-88.046111,284.1,1
TMSP,MINNEAPOLIS,MN,44.871111,-92.933056,342,1
TMSY,NEW ORLEANS,LA,30.021944,-90.403056,29.9,1
TOKC,NORMAN WFO,OK,35.276111,-97.51,399,1
TORD,CHICAGO OHARE,IL,41.796944,-87.858056,227.1,1
TPBI,WEST PALM BEACH,FL,26.688056,-80.273056,41.1,1
TPHL,PHILADELPHIA,NJ,39.948889,-75.068889,46.9,1
TPHX,PHOENIX,AZ,33.421111,-112.16305,331.9,1
TPIT,PITTSBURGH,PA,40.501111,-80.486111,422.1,1
TRDU,RALEIGH,NC,36.001944,-78.696944,157,1
TSDF,LOUISVILLE,KY,38.046111,-85.61,223.1,1
TSJU,SAN JUAN,PR,18.473889,-66.178889,47.9,1
TSLC,SALT LAKE CITY,UT,40.966944,-111.93,1309.1,1
TSTL,ST LOUIS,MO,38.805,-90.488889,196.9,1
TTPA,TAMPA,FL,27.86,-82.518056,28,1
TTUL,TULSA,OK,36.071111,-95.826944,250.9,1
